Codigo_CRT,Nome_Disciplina
CRT0002,FUNDAMENTOS DE PROGRAMAÇÃO
CRT0003,ARQUITETURA DE COMPUTADORES
CRT0004,MATEMÁTICA BÁSICA
CRT0006,PRÉ-CÁLCULO
CRT0008,SISTEMAS OPERACIONAIS
CRT0009,ESTRUTURA DE DADOS
CRT0010,CÁLCULO DIFERENCIAL E INTEGRAL I
CRT0011,MATEMÁTICA DISCRETA
CRT0015,DESENHO PARA ENGENHARIA
CRT0017,INTRODUÇÃO À ENGENHARIA
CRT0018,PROBABILIDADE E ESTATÍSTICA
CRT0021,TEORIA GERAL DA ADMINISTRAÇÃO
CRT0022,"INTRODUÇÃO À CIÊNCIA DA COMPUTAÇÃO
E SISTEMAS DE INFORMAÇÃO"
CRT0023,TEORIA GERAL DE SISTEMAS
CRT0025,PROGRAMAÇÃO FUNCIONAL
CRT0026,ESTRUTURA DE DADOS AVANÇADA
CRT0027,LINGUAGENS FORMAIS E AUTÔMATOS
CRT0028,LÓGICA PARA COMPUTAÇÃO
CRT0029,PROBABILIDADE E ESTATÍSTICA
CRT0030,FUNDAMENTOS DE BANCO DE DADOS
CRT0031,LINGUAGENS DE PROGRAMAÇÃO
CRT0032,PROJETO E ANÁLISE DE ALGORITMOS
CRT0033,ÁLGEBRA LINEAR
CRT0034,ANÁLISE E PROJETO DE SISTEMAS
CRT0035,COMPILADORES
CRT0038,REDES DE COMPUTADORES
CRT0039,"DESENVOLVIMENTO DE SOFTWARE PARA
WEB"
CRT0040,ENGENHARIA DE SOFTWARE
CRT0041,INTERAÇÃO HUMANO-COMPUTADOR
CRT0042,SISTEMAS DISTRIBUÍDOS
CRT0043,INTELIGÊNCIA ARTIFICIAL
CRT0044,TEORIA DA COMPUTAÇÃO
CRT0045,CÁLCULO VETORIAL
CRT0046,ELETROMAGNETISMO
CRT0047,TERMODINÂMICA APLICADA
CRT0048,"FUNDAMENTOS DA ECONOMIA E
ADMINISTRAÇÃO"
CRT0049,"PRINCÍPIOS DE PROCESSOS QUÍMICOS E
BIOQUÍMICOS"
CRT0050,MECÂNICA II
CRT0051,TRANSFERÊNCIA DE CALOR E MASSA
CRT0052,TOPOGRAFIA
CRT0053,ELETROTÉCNICA
CRT0054,MÉTODOS NUMÉRICOS
CRT0055,FÍSICA ONDULATÓRIA E DE PARTÍCULAS
CRT0056,ECOLOGIA
CRT0057,"QUALIDADE DA ÁGUA E CONTROLE DA
POLUIÇÃO"
CRT0058,MECÂNICA DOS FLUIDOS
CRT0059,RESISTÊNCIA DOS MATERIAIS I
CRT0060,SANEAMENTO E SAÚDE
CRT0061,MECÂNICA DOS SOLOS I
CRT0062,FONTES DE ENERGIAS RENOVÁVEIS
CRT0063,OPERAÇÕES UNITÁRIAS
CRT0064,CLIMATOLOGIA
CRT0065,CIÊNCIA DOS MATERIAIS
CRT0066,MECÂNICA DOS SOLOS II
CRT0067,RESISTÊNCIA DOS MATERIAIS II
CRT0068,GEOPROCESSAFMENTO
CRT0070,"HIGIENE INDUSTRIAL E SEGURANÇA DO
TRABALHO"
CRT0071,MICROBIOLOGIA APLICADA
CRT0076,"PLANEJAMENTO E LICENCIAMENTO
AMBIENTAL"
CRT0077,ENGENHARIA ECONÔMICA
CRT0079,ÁLGEBRA APLICADA I
CRT0081,ANÁLISE APLICADA I
CRT0082,EDUCAÇÃO AMBIENTAL
CRT0083,ENGENHARIA COSTEIRA
CRT0084,GESTÃO DE PROJETOS
CRT0085,HIDRÁULICA TRANSIENTE
CRT0086,LÍNGUA BRASILEIRA DE SINAIS
CRT0087,"MÉTODOS DE INVESTIGAÇÃO E
MONITORAMENTO GEOAMBIENTAL"
CRT0088,MODELAGEM DE QUALIDADE DE ÁGUA
CRT0089,PORTUGUÊS INSTRUMENTAL
CRT0090,PRODUÇÃO MAIS LIMPA
CRT0091,"PROTEÇÃO E RECUPERAÇÃO AMBIENTAL EM
OBRAS GEOTÉCNICAS"
CRT0092,"RELAÇÕES ÉTNICO RACIAIS E
AFRICANIDADES"
CRT0093,REUSO DAS ÁGUAS
CRT0094,SANEAMENTO ECOLÓGICO
CRT0095,SANEAMENTO I
CRT0096,SANEAMENTO II
CRT0102,GEOLOGIA GERAL E MINERALOGIA
CRT0104,MATERIAIS DE CONSTRUÇÃO CIVIL II
CRT0106,"ANÁLISE E PLANEJAMENTO DE SISTEMAS
DE TRANSPORTES"
CRT0107,ENGENHARIA AMBIENTAL
CRT0108,HIDRÁULICA APLICADA
CRT0111,ESTRUTURAS DE CONCRETO I
CRT0113,HIDROLOGIA
CRT0114,ESTRUTURAS DE AÇO I
CRT0115,ESTRUTURAS DE CONCRETO II
CRT0116,FUNDAÇÕES
CRT0117,"OPERAÇÕES DE SISTEMAS DE
TRANSPORTES"
CRT0119,BARRAGENS
CRT0120,INSTALAÇÕES ELÉTRICAS PREDIAIS
CRT0121,ESTÁGIO SUPERVISIONADO
CRT0122,ÁGUA SUBTERRÂNEA
CRT0123,ALVENARIA ESTRUTURAL I
CRT0124,ALVENARIA ESTRUTURAL II
CRT0125,ANÁLISE MATRICIAL DE ESTRUTURAS
CRT0126,BOMBAS E ESTAÇÕES ELEVATÓRIAS
CRT0128,CONCRETOS ESPECIAIS
CRT0130,DINÂMICA DAS ESTRUTURAS
CRT0131,DRENAGEM URBANA
CRT0132,EDUCAÇÃO EM DIREITOS HUMANOS
CRT0133,ESTABILIDADE DAS ESTRUTURAS
CRT0134,ESTRUTURAS DE ALUMÍNIO
CRT0135,ESTRUTURAS DE FUNDAÇÃO
CRT0136,ESTRUTURAS DE AÇO II
CRT0140,ESTRUTURAS DE MADEIRA
CRT0141,FRANCÊS INSTRUMENTAL I
CRT0143,"GERENCIAMENTO DA PRODUÇÃO NA
CONSTRUÇÃO CIVIL"
CRT0144,GESTÃO DE RECURSOS HÍDRICOS
CRT0145,TRATAMENTO DE ESGOTOS
CRT0146,"PROJETO ESTRUTURAL DE EDIFÍCIOS DE
CONCRETO"
CRT0147,PORTOS
CRT0148,PONTES II
CRT0149,MECÂNICA DAS ROCHAS
CRT0150,METEOROLOGIA BÁSICA
CRT0151,"MÉTODO DOS ELEMENTOS FINITOS PARA
ENGENHARIA ESTRUTURAL"
CRT0152,"MÉTODOS QUANTITATIVOS APLICADOS AOS
TRANSPORTES"
CRT0153,HIDRÁULICA FLUVIAL
CRT0154,HIDRÁULICA DE CANAIS
CRT0155,TRANSPORTE AÉREO
CRT0156,TRANSPORTES NÃO MOTORIZADOS
CRT0157,TEORIA DA ELASTICIDADE
CRT0158,TRATAMENTO DE ÁGUA E ESGOTO
CRT0159,MATERIAIS BETUMINOSOS
CRT0160,SIMULAÇÃO
CRT0161,"PATOLOGIA E RECUPERAÇÃO DE ESTRUTURAS
DE CONCRETO"
CRT0162,PLACAS E CASCAS
CRT0164,OBRAS DE CONTENÇÃO
CRT0165,INTRODUÇÃO À ENGENHARIA SÍSMICA
CRT0166,DESENVOLVIMENTO ECONÔMICO
CRT0169,LOGÍSTICA GLOBAL
CRT0170,OTIMIZAÇÃO
CRT0171,TOMADA DE DECISÃO NA ENGENHARIA
CRT0173,ANÁLISE DE ESTRUTURAS I
CRT0174,"PROJETO E CONSTRUÇÃO DA
INFRAESTRUTURA VIÁRIA"
CRT0177,ANÁLISE DE ESTRUTURAS II
CRT0178,"PROJETO E CONSTRUÇÃO DA
SUPERESTRUTURA VIÁRIA"
CRT0179,PONTES I
CRT0180,GESTÃO DE RESÍDUOS SÓLIDOS
CRT0184,INGLÊS TÉCNICO
CRT0187,DESENHO TÉCNICO
CRT0190,GEOLOGIA ESTRUTURAL
CRT0192,"CARACTERIZAÇÃO TECNOLÓGICA DOS
MINÉRIOS"
CRT0193,FÍSICO-QUÍMICA
CRT0194,PESQUISA MINERAL I
CRT0197,PROSPECÇÃO GEOFÍSICA
CRT0199,CIÊNCIA DOS MATERIAIS
CRT0202,DESENVOLVIMENTO MINEIRO
CRT0205,ECONOMIA MINERAL BRASILEIRA
CRT0207,"PESQUISA OPERACIONAL APLICADA À
MINERAÇÃO"
CRT0210,PROJETO DE MINERAÇÃO
CRT0219,"MANEJO DE ESTÉREIS E REJEITOS DE
MINERAIS"
CRT0220,MINERAIS E ROCHAS INDUSTRIAIS
CRT0222,"PROJETO DE INSTALAÇÕES DE
PROCESSAMENTO DE MINERAIS"
CRT0224,"DIMENSIONAMENTO DE ESCAVAÇÕES EM
ROCHA"
CRT0225,HIDROGEOLOGIA
CRT0226,"AUDITORIA E SEGURANÇA DE SISTEMAS
DE INFORMAÇÃO"
CRT0226,"AUDITORIA E SEGURANÇA DE SISTEMAS DE
INFORMAÇÃO"
CRT0229,"CONSTRUÇÃO DE SISTEMAS DE GERÊNCIA
DE BANCO DE DADOS"
CRT0229,"CONSTRUÇÃO DE SISTEMAS DE GERÊNCIA DE
BANCO DE DADOS"
CRT0233,ESTÁGIO SUPERVISIONADO I
CRT0235,ESTÁGIO SUPERVISIONADO II
CRT0236,INGLÊS INSTRUMENTAL I
CRT0237,FUNÇÕES EMPRESARIAIS
CRT0240,INGLÊS INSTRUMENTAL II
CRT0241,FILOSOFIA DA CIÊNCIA
CRT0242,EMPREENDEDORISMO
CRT0243,GERÊNCIA DE REDES
CRT0244,REDES SOCIAIS
CRT0245,E-BUSINESS
CRT0246,ECONOMIA E FINANÇAS
CRT0247,INTRODUÇÃO À COMPUTAÇÃO GRÁFICA
CRT0248,PROJETO E ANÁLISE DE ALGORITMOS
CRT0249,SISTEMAS MULTIMÍDIA
CRT0250,SOCIOLOGIA
CRT0252,"TÓPICOS AVANÇADOS EM REDES DE
COMPUTADORES"
CRT0253,SISTEMAS MULTIAGENTES
CRT0254,"GOVERNANÇA ESTRATÉGICA DE TECNOLOGIA
DA INFORMAÇÃO"
CRT0255,PROGRAMAÇÃO LINEAR
CRT0259,HIDRÁULICA DE CANAIS
CRT0260,"INSTALAÇÕES HIDRÁULICAS E SANITÁRIAS
PREDIAIS"
CRT0261,"SISTEMA DE ABASTECIMENTO E TRATAMENTO
DE ÁGUA"
CRT0262,"GESTÃO DA INFORMAÇÃO E DOS SISTEMAS
DE INFORMAÇÃO"
CRT0265,CONTABILIDADE E CUSTOS
CRT0266,GERÊNCIA DE PROJETOS DE SOFTWARE
CRT0267,QUALIDADE DE SOFTWARE
CRT0268,"TRABALHO COOPERATIVO BASEADO EM
COMPUTADORES"
CRT0269,AVALIAÇÃO DE SISTEMAS
CRT0270,COMPILADORES
CRT0273,TÓPICOS ESPECIAIS I
CRT0274,TÓPICOS ESPECIAIS II
CRT0275,TÓPICOS ESPECIAIS III
CRT0276,TÓPICOS ESPECIAIS IV
CRT0279,ESTÁGIO SUPERVISIONADO
CRT0280,MATEMÁTICA APLICADA
CRT0281,GESTÃO DE PAVIMENTOS
CRT0282,PROJETO DE GRADUAÇÃO
CRT0283,PESQUISA MINERAL II
CRT0284,PROCESSAMENTO MINERAL II
CRT0285,OPERAÇÕES MINEIRAS
CRT0287,CONDICIONAMENTO DAS MINAS
CRT0288,ESTÁGIO SUPERVISIONADO
CRT0291,"INTRODUÇÃO A ANÁLISE ESTATÍSTICA DE
EXPERIMENTOS"
CRT0294,"PROJETO DE PESQUISA CIENTÍFICA E
TECNOLÓGICA"
CRT0300,TEORIA DOS GRAFOS
CRT0302,MINERAÇÃO DE DADOS
CRT0303,RECUPERAÇÃO DE INFORMAÇÃO
CRT0304,REALIDADE VIRTUAL
CRT0305,PROCESSAMENTO DE IMAGENS
CRT0306,"INTRODUÇÃO AO DESENVOLVIMENTO DE
JOGOS"
CRT0307,ESTATÍSTICA MULTIVARIADA
CRT0308,CRIPTOGRAFIA
CRT0309,COMPUTAÇÃO PARALELA
CRT0311,ALGORITMOS PROBABILÍSTICOS
CRT0312,FÍSICA I
CRT0313,APRENDIZADO DE MÁQUINA
CRT0314,CÁLCULO NUMÉRICO
CRT0315,LÓGICA MODAL
CRT0316,TEORIA DA PROVA
CRT0317,"MODELAGEM E SIMULAÇÃO DISCRETA DE
SISTEMAS"
CRT0318,SISTEMAS MULTIAGENTES
CRT0319,OTIMIZAÇÃO COMBINATÓRIA
CRT0320,PESQUISA OPERACIONAL
CRT0323,VISÃO COMPUTACIONAL
CRT0324,"EXPERIMENTAÇÃO EM ENGENHARIA DE
SOFTWARE"
CRT0325,REDES DE COMUNICAÇÃO MÓVEIS
CRT0326,VERIFICAÇÃO E VALIDAÇÃO
CRT0327,REUSO DE SOFTWARE
CRT0329,QUALIDADE DE SOFTWARE
CRT0330,PROJETO DETALHADO DE SOFTWARE
CRT0331,PROCESSOS DE SOFTWARE
CRT0333,MANUTENÇÃO DE SOFTWARE
CRT0337,ANÁLISE DE RISCOS AMBIENTAIS
CRT0338,ÁLGEBRA LINEAR
CRT0339,CÁLCULO FUNDAMENTAL I
CRT0340,FÍSICA GERAL I
CRT0342,QUÍMICA GERAL
CRT0343,PROGRAMAÇÃO COMPUTACIONAL
CRT0344,CÁLCULO FUNDAMENTAL II
CRT0345,FÍSICA GERAL II
CRT0348,QUÍMICA EXPERIMENTAL
CRT0350,GEOLOGIA GERAL
CRT0351,MECÂNICA I
CRT0354,MATERIAIS DE CONSTRUÇÃO CIVIL I
CRT0355,"SISTEMAS DE TRATAMENTO DE ÁGUAS
RESIDUÁRIAS"
CRT0356,LEGISLAÇÃO AMBIENTAL
CRT0358,MECÂNICA DOS SOLOS
CRT0359,RESISTÊNCIA DOS MATERIAIS
CRT0360,QUÍMICA ANALÍTICA APLICADA
CRT0361,BIOLOGIA GERAL
CRT0366,PROGRAMAÇÃO COMPUTACIONAL
CRT0367,CONTROLE DA POLUIÇÃO ATMOSFÉRICA
CRT0368,MECÂNICA DOS SÓLIDOS
CRT0369,GEOLOGIA PARA ENGENHARIA
CRT0370,GEOTECNIA AMBIENTAL
CRT0371,GESTÃO AMBIENTAL
CRT0372,"SISTEMAS DE TRATAMENTO DE ÁGUAS DE
ABASTECIMENTO"
CRT0373,PROJETO DE ATERRO SANITÁRIO
CRT0374,GESTÃO DE RESÍDUOS SÓLIDOS
CRT0375,"INSTALAÇÕES HIDRÁULICAS E
SANITÁRIAS PREDIAIS"
CRT0375,"INSTALAÇÕES HIDRÁULICAS E SANITÁRIAS
PREDIAIS"
CRT0378,ECONOMIA ECOLÓGICA
CRT0379,"PROJETO DE REDES DE ÁGUAS
RESIDUÁRIAS"
CRT0380,"PROJETO DE REDES DE ÁGUAS DE
ABASTECIMENTO"
CRT0381,PROJETO DE GRADUAÇÃO I
CRT0382,PROJETO DE GRADUAÇÃO II
CRT0383,"INTRODUÇÃO À CIÊNCIA DA
COMPUTAÇÃO"
CRT0384,CIRCUITOS DIGITAIS
CRT0385,INFORMÁTICA E SOCIEDADE
CRT0386,CÁLCULO DIFERENCIAL E INTEGRAL I
CRT0387,ARQUITETURA DE COMPUTADORES
CRT0388,COMPUTAÇÃO GRÁFICA I
CRT0389,"COMPILADORES E LINGUAGENS DE
PROGRAMAÇÃO"
CRT0390,ALGORITMOS EM GRAFOS
CRT0391,CÁLCULO DIFERENCIAL E INTEGRAL II
CRT0392,GAME DESIGN
CRT0393,ENGENHARIA DE REQUISITOS
CRT0394,FÁBRICA DE SOFTWARE
CRT0395,APRENDIZADO DE MÁQUINA
CRT0396,COMPUTAÇÃO GRÁFICA II
CRT0397,EDUCAÇÃO AMBIENTAL
CRT0399,GÊNESE DE DEPÓSITOS MINERAIS
CRT0400,PETROGRAFIA
CRT0401,CIÊNCIA DOS DADOS
CRT0402,"FUNDAMENTOS APLICADOS DA
ADMINISTRAÇÃO"
CRT0403,"INTRODUÇÃO A SISTEMAS DE
INFORMAÇÃO"
CRT0405,GESTÃO DE PROCESSOS DE NEGÓCIOS
CRT0406,GESTÃO ESTRATÉGICA DE TI
CRT0407,"ALGORITMOS E COMPLEXIDADE
COMPUTACIONAL"
CRT0408,"GOVERNANÇA DE TI E GESTÃO DO
CONHECIMENTO"
CRT0411,"DESENVOLVIMENTO DE SOFTWARE PARA
DISPOSITIVOS MÓVEIS"
CRT0412,ARQUITETURA DE SOFTWARE
CRT0413,MELHORIA DE PROCESSOS DE TI
CRT0414,"INFRAESTRUTURA DE TI E COMPUTAÇÃO EM
NUVEM"
CRT0415,"GESTÃO DA INOVAÇÃO E TRANSFORMAÇÃO
DIGITAL"
CRT0416,"INTELIGÊNCIA DE NEGÓCIO E VISUALIZAÇÃO
DE DADOS"
CRT0417,"PROCESSAMENTO DE DADOS EM LARGA
ESCALA"
CRT0420,INTELIGÊNCIA ARTIFICIAL PARA JOGOS
CRT0421,PESQUISA OPERACIONAL II
CRT0423,"TERMODINÂMICA E TRANSFERÊNCIA DE
CALOR"
CRT0425,ANÁLISE DE ESTRUTURAS I
CRT0426,ANÁLISE DE ESTRUTURAS II
CRT0427,PROJETO INTEGRADOR I
CRT0428,PROJETO INTEGRADOR II
CRT0429,PROJETO INTEGRADOR III
CRT0430,PROJETO INTEGRADOR IV
CRT0431,PROJETO INTEGRADOR I
CRT0432,PROJETO INTEGRADOR II
CRT0433,PROJETO INTEGRADOR III
CRT0434,PROJETO INTEGRADOR IV
CRT0436,MINERALOGIA
CRT0437,INTRODUÇÃO À GEOESTATÍSTICA
CRT0439,MECÂNICA DAS ROCHAS
CRT0440,PROCESSAMENTO MINERAL I
CRT0441,LEGISLAÇÃO MINERAL
CRT0443,LAVRA DE MINA A CÉU ABERTO
CRT0444,LAVRA DE MINA SUBTERRÂNEA
CRT0445,PROCESSAMENTO MINERAL III
CRT0449,DESCOMISSIONAMENTO DE MINA
CRT0450,DESENVOLVIMENTO DE PROCESSO
CRT0451,"DESMONTES ESPECIAIS COM UTILIZAÇÃO DE
EXPLOSIVOS"
CRT0452,FLOTAÇÃO
CRT0453,INTRODUÇÃO À METALURGIA EXTRATIVA
CRT0454,"INTRODUÇÃO AO MÉTODO DOS ELEMENTOS
FINITOS APLICADO À MINERAÇÃO"
CRT0455,"LAVRA E BENEFICIAMENTO DE ROCHAS
ORNAMENTAIS"
CRT0457,RECURSOS NATURAIS ENERGÉTICOS
CRT0458,TÓPICOS DE ÁLGEBRA APLICADA
CRT0459,TRANSPORTE NA MINERAÇÃO
CRT0460,ENGENHARIA DE PROCESSOS
CRT0465,INTRODUÇÃO À ENGENHARIA
CRT0466,"FUNDAMENTOS DA ECONOMIA E
ADMINISTRAÇÃO"
CRT0467,QUÍMICA EXPERIMENTAL
CRT0471,TOPOGRAFIA PARA ENGENHARIA
CRT0472,ENGENHARIA ECONÔMICA
CRT0473,HIGIENE E SEGURANÇA DO TRABALHO
CRT0474,GEOPROCESSAMENTO
CRT0479,ELETROTÉCNICA
CRT0498,ESTABILIDADE DE TALUDES E GALERIAS
CRT0500,HIDROGEOLOGIA
CRT0507,QUÍMICA EXPERIMENTAL
CRT0508,MATERIAIS DE CONSTRUÇÃO CIVIL I
CRT0509,TOPOGRAFIA PARA ENGENHARIA
CRT0510,PROJETO DE EDIFÍCIOS
CRT0511,MECÂNICA PARA ENGENHARIA
CRT0512,MATERIAIS DE CONSTRUÇÃO CIVIL II
CRT0514,GEOLOGIA PARA ENGENHARIA
CRT0515,ISOSTÁTICA
CRT0516,CONSTRUÇÃO DE EDIFÍCIOS I
CRT0517,ELETROTÉCNICA RESIDENCIAL
CRT0518,MÉTODOS NUMÉRICOS
CRT0520,CONSTRUÇÃO DE EDIFÍCIOS II
CRT0522,"PROJETO GEOMÉTRICO DE VIAS DE
TRANSPORTE"
CRT0524,PROJETO INTEGRADOR I
CRT0525,SANEAMENTO I
CRT0526,ENGENHARIA DE PAVIMENTOS
CRT0527,HIPERESTÁTICA
CRT0528,ESTRUTURAS DE CONCRETO I
CRT0529,"INSTALAÇÕES HIDRÁULICAS E SANITÁRIAS
PREDIAIS"
CRT0530,METODOLOGIA CIENTÍFICA
CRT0531,SANEAMENTO II
CRT0532,OBRAS DE TERRA
CRT0533,PATOLOGIA DAS CONSTRUÇÕES
CRT0534,"AVALIAÇÃO E REABILITAÇÃO DE
PAVIMENTOS"
CRT0535,ESTRUTURAS DE AÇO I
CRT0536,ESTRUTURAS DE CONCRETO II
CRT0537,PROJETO INTEGRADOR II
CRT0538,PROJETO FINAL DE CURSO I
CRT0539,PROJETO FINAL DE CURSO II
CRT0540,BARRAGENS
CRT0542,CIMENTOS ALTERNATIVOS
CRT0543,CONSTRUÇÃO SUSTENTÁVEL
CRT0544,DIREITO APLICADO À ENGENHARIA
CRT0545,ENGENHARIA DE TRÁFEGO
CRT0546,ENGENHARIA LEGAL
CRT0547,ESTRUTURAS DE CONTENÇÃO
CRT0548,"FENÔMENOS ONDULATÓRIOS E TÉRMICOS
NAS EDIFICAÇÕES"
CRT0549,FERROVIAS
CRT0550,FONTES DE ENERGIAS RENOVÁVEIS
CRT0551,GEOSSINTÉTICOS
CRT0552,GEOTECNIA APLICADA À MINERAÇÃO
CRT0553,GERÊNCIA DE PAVIMENTOS
CRT0554,GESTÃO AMBIENTAL
CRT0555,GESTÃO DE PROCESSOS
CRT0556,GESTÃO DE PROJETOS
CRT0557,GESTÃO DE RECURSOS HÍDRICOS
CRT0558,GESTÃO DE RESÍDUOS SÓLIDOS
CRT0559,INOVAÇÃO NA CONSTRUÇÃO
CRT0560,INSTALAÇÕES ELÉTRICAS PREDIAIS
CRT0563,OBRAS SUBTERRÂNEAS
CRT0564,PONTES
CRT0565,"PROJETO DE REDES DE ÁGUAS DE
ABASTECIMENTO"
CRT0566,PROJETO DE REFORÇO ESTRUTURAL
CRT0567,"PROJETO E CONSTRUÇÃO DA
INFRAESTRUTURA AEROPORTUÁRIA"
CRT0568,REFORMAS PREDIAIS
CRT0570,SANEAMENTO E SAÚDE
CRT0571,"SISTEMAS DE TRATAMENTO DE ÁGUAS DE
ABASTECIMENTO"
CRT0572,"SISTEMA DE TRATAMENTO DE ÁGUAS
RESIDUÁRIAS"
CRT0573,"TÉCNICAS DE CARACTERIZAÇÃO EM
MATERIAIS"
CRT0575,"TÓPICOS ESPECIAIS EM ENGENHARIA DE
TRANSPORTES"
CRT0576,TÓPICOS ESPECIAIS EM ESTRUTURAS
CRT0577,TÓPICOS ESPECIAIS EM GEOTECNIA
CRT0579,TRANSPORTE PÚBLICO URBANO
CRT0580,AVALIAÇÕES DE IMPACTOS AMBIENTAIS
CRT0581,MECÂNICA DAS ROCHAS
CRT0582,ATIVIDADES COMPLEMENTARES
CRT0953,PROJETO FINAL DE CURSO I
CRT0954,PROJETO FINAL DE CURSO II
CRT0959,"INTRODUÇÃO À ENGENHARIA AMBIENTAL E
SANITÁRIA"
CRT0960,"FUNDAMENTOS DA ECONOMIA E
ADMINISTRAÇÃO"
CRT0962,ECOLOGIA
CRT0963,MICROBIOLOGIA APLICADA
CRT0964,QUÍMICA ANALÍTICA APLICADA
CRT0965,ECONOMIA ECOLÓGICA
CRT0966,LEGISLAÇÃO AMBIENTAL
CRT0967,"SISTEMAS DE TRATAMENTO DE ÁGUAS
RESIDUÁRIAS"
CRT0971,"PLANEJAMENTO E LICENCIAMENTO
AMBIENTAL"
CRT0972,"PROJETO INTEGRADOR II - EDUCAÇÃO
AMBIENTAL"
CRT0973,"PROJETO INTEGRADOR III - DIAGNÓSTICO
AMBIENTAL E SANITÁRIO"
CRT0974,ATIVIDADES COMPLEMENTARES
CRT0976,REÚSO DAS ÁGUAS
CRT0977,GESTÃO DE PROJETOS
CRT0978,ENGENHARIA ECONÔMICA
CRT0979,ESTRUTURAS DE CONTENÇÃO
CRT0980,RECURSOS NATURAIS ENERGÉTICOS
CRT0981,"TÓPICOS ESPECIAIS DE ENGENHARIA
AMBIENTAL E SANITÁRIA I"
CRT0982,"INTRODUÇÃO À ANÁLISE ESTATÍSTICA DE
EXPERIMENTOS"